model,accuracy
Dense,0.3012999892234802
CNN,0.682699978351593
