model,accuracy
Dense,0.2784000039100647
CNN,0.6715999841690063
