model,accuracy
Dense,0.24789999425411224
CNN,0.6744999885559082
